{
  "model": {
    "activities": [
      {
        "start": "2014-05-05T18:10:50.000",
        "end": "2014-05-05T18:17:30.000",
        "content": "PrepareHotTea",
        "observations": [
          {
            "start": "2014-05-05T18:14:27.000",
            "end": "2014-05-05T18:14:54.000",
            "content": "Sugar"
          },
          {
            "start": "2014-05-05T18:16:35.000",
            "end": "2014-05-05T18:16:56.000",
            "content": "TeaBag"
          },
          {
            "start": "2014-05-05T18:15:41.000",
            "end": "2014-05-05T18:16:07.000",
            "content": "TeaBag"
          },
          {
            "start": "2014-05-05T18:10:50.000",
            "end": "2014-05-05T18:11:19.000",
            "content": "Kettle"
          },
          {
            "start": "2014-05-05T18:17:01.000",
            "end": "2014-05-05T18:17:30.000",
            "content": "Kettle"
          },
          {
            "start": "2014-05-05T18:13:05.000",
            "end": "2014-05-05T18:13:27.000",
            "content": "Kettle"
          },
          {
            "start": "2014-05-05T18:13:38.000",
            "end": "2014-05-05T18:14:02.000",
            "content": "Sugar"
          },
          {
            "start": "2014-05-05T18:12:09.000",
            "end": "2014-05-05T18:12:31.000",
            "content": "TeaZone"
          },
          {
            "start": "2014-05-05T18:12:15.000",
            "end": "2014-05-05T18:12:37.000",
            "content": "TeaZone"
          },
          {
            "start": "2014-05-05T18:10:51.000",
            "end": "2014-05-05T18:11:16.000",
            "content": "TeaZone"
          },
          {
            "start": "2014-05-05T18:11:42.000",
            "end": "2014-05-05T18:12:10.000",
            "content": "TeaZone"
          },
          {
            "start": "2014-05-05T18:16:25.000",
            "end": "2014-05-05T18:16:52.000",
            "content": "TeaZone"
          },
          {
            "start": "2014-05-05T18:11:30.000",
            "end": "2014-05-05T18:11:59.000",
            "content": "TeaZone"
          },
          {
            "start": "2014-05-05T18:15:58.000",
            "end": "2014-05-05T18:16:26.000",
            "content": "TeaZone"
          }
        ]
      },
      {
        "start": "2014-05-05T18:18:43.000",
        "end": "2014-05-05T18:27:34.000",
        "content": "MakePhoneCall",
        "observations": [
          {
            "start": "2014-05-05T18:20:53.000",
            "end": "2014-05-05T18:21:15.000",
            "content": "Phone"
          },
          {
            "start": "2014-05-05T18:20:17.000",
            "end": "2014-05-05T18:20:43.000",
            "content": "Phone"
          },
          {
            "start": "2014-05-05T18:20:28.000",
            "end": "2014-05-05T18:20:55.000",
            "content": "Phone"
          },
          {
            "start": "2014-05-05T18:23:23.000",
            "end": "2014-05-05T18:23:46.000",
            "content": "Phone"
          },
          {
            "start": "2014-05-05T18:20:24.000",
            "end": "2014-05-05T18:20:45.000",
            "content": "Phone"
          },
          {
            "start": "2014-05-05T18:26:17.000",
            "end": "2014-05-05T18:26:38.000",
            "content": "Phone"
          },
          {
            "start": "2014-05-05T18:20:04.000",
            "end": "2014-05-05T18:20:28.000",
            "content": "Phone"
          },
          {
            "start": "2014-05-05T18:24:13.000",
            "end": "2014-05-05T18:24:34.000",
            "content": "PhoneZone"
          },
          {
            "start": "2014-05-05T18:19:01.000",
            "end": "2014-05-05T18:19:21.000",
            "content": "PhoneZone"
          },
          {
            "start": "2014-05-05T18:23:28.000",
            "end": "2014-05-05T18:23:51.000",
            "content": "PhoneZone"
          },
          {
            "start": "2014-05-05T18:24:35.000",
            "end": "2014-05-05T18:24:57.000",
            "content": "PhoneZone"
          },
          {
            "start": "2014-05-05T18:26:49.000",
            "end": "2014-05-05T18:27:12.000",
            "content": "PhoneZone"
          },
          {
            "start": "2014-05-05T18:24:17.000",
            "end": "2014-05-05T18:24:46.000",
            "content": "PhoneZone"
          },
          {
            "start": "2014-05-05T18:25:13.000",
            "end": "2014-05-05T18:25:40.000",
            "content": "PhoneZone"
          },
          {
            "start": "2014-05-05T18:18:43.000",
            "end": "2014-05-05T18:19:06.000",
            "content": "Talk"
          },
          {
            "start": "2014-05-05T18:22:02.000",
            "end": "2014-05-05T18:22:30.000",
            "content": "PickUpPhone"
          },
          {
            "start": "2014-05-05T18:25:36.000",
            "end": "2014-05-05T18:26:02.000",
            "content": "Talk"
          },
          {
            "start": "2014-05-05T18:22:49.000",
            "end": "2014-05-05T18:23:10.000",
            "content": "Talk"
          },
          {
            "start": "2014-05-05T18:27:00.000",
            "end": "2014-05-05T18:27:29.000",
            "content": "PickUpPhone"
          },
          {
            "start": "2014-05-05T18:27:09.000",
            "end": "2014-05-05T18:27:34.000",
            "content": "PickUpPhone"
          },
          {
            "start": "2014-05-05T18:27:18.000",
            "end": "2014-05-05T18:27:46.000",
            "content": "Spoon"
          }
        ]
      },
      {
        "start": "2014-05-05T18:27:18.000",
        "end": "2014-05-05T18:41:53.000",
        "content": "DrinkTea",
        "observations": [
          {
            "start": "2014-05-05T18:34:54.000",
            "end": "2014-05-05T18:35:15.000",
            "content": "Cup"
          },
          {
            "start": "2014-05-05T18:27:18.000",
            "end": "2014-05-05T18:27:46.000",
            "content": "Spoon"
          },
          {
            "start": "2014-05-05T18:29:09.000",
            "end": "2014-05-05T18:29:30.000",
            "content": "Cup"
          },
          {
            "start": "2014-05-05T18:39:56.000",
            "end": "2014-05-05T18:40:16.000",
            "content": "Cup"
          },
          {
            "start": "2014-05-05T18:30:30.000",
            "end": "2014-05-05T18:30:53.000",
            "content": "Cup"
          },
          {
            "start": "2014-05-05T18:40:49.000",
            "end": "2014-05-05T18:41:12.000",
            "content": "Cup"
          },
          {
            "start": "2014-05-05T18:33:50.000",
            "end": "2014-05-05T18:34:18.000",
            "content": "Spoon"
          },
          {
            "start": "2014-05-05T18:34:51.000",
            "end": "2014-05-05T18:35:15.000",
            "content": "Cup"
          },
          {
            "start": "2014-05-05T18:28:53.000",
            "end": "2014-05-05T18:29:22.000",
            "content": "Spoon"
          },
          {
            "start": "2014-05-05T18:28:53.000",
            "end": "2014-05-05T18:29:14.000",
            "content": "Cup"
          },
          {
            "start": "2014-05-05T18:36:42.000",
            "end": "2014-05-05T18:37:06.000",
            "content": "Spoon"
          },
          {
            "start": "2014-05-05T18:36:28.000",
            "end": "2014-05-05T18:36:53.000",
            "content": "TableZone"
          },
          {
            "start": "2014-05-05T18:36:08.000",
            "end": "2014-05-05T18:36:36.000",
            "content": "TableZone"
          },
          {
            "start": "2014-05-05T18:31:04.000",
            "end": "2014-05-05T18:31:29.000",
            "content": "TableZone"
          },
          {
            "start": "2014-05-05T18:28:25.000",
            "end": "2014-05-05T18:28:51.000",
            "content": "TableZone"
          },
          {
            "start": "2014-05-05T18:41:07.000",
            "end": "2014-05-05T18:41:29.000",
            "content": "TableZone"
          },
          {
            "start": "2014-05-05T18:32:35.000",
            "end": "2014-05-05T18:33:02.000",
            "content": "TableZone"
          },
          {
            "start": "2014-05-05T18:34:58.000",
            "end": "2014-05-05T18:35:23.000",
            "content": "TableZone"
          },
          {
            "start": "2014-05-05T18:41:17.000",
            "end": "2014-05-05T18:41:41.000",
            "content": "TableZone"
          },
          {
            "start": "2014-05-05T18:38:00.000",
            "end": "2014-05-05T18:38:20.000",
            "content": "TableZone"
          },
          {
            "start": "2014-05-05T18:38:27.000",
            "end": "2014-05-05T18:38:50.000",
            "content": "TableZone"
          },
          {
            "start": "2014-05-05T18:30:47.000",
            "end": "2014-05-05T18:31:16.000",
            "content": "TableZone"
          },
          {
            "start": "2014-05-05T18:28:47.000",
            "end": "2014-05-05T18:29:07.000",
            "content": "Sitting"
          },
          {
            "start": "2014-05-05T18:41:24.000",
            "end": "2014-05-05T18:41:53.000",
            "content": "Sitting"
          },
          {
            "start": "2014-05-05T18:40:08.000",
            "end": "2014-05-05T18:40:32.000",
            "content": "Sitting"
          },
          {
            "start": "2014-05-05T18:36:19.000",
            "end": "2014-05-05T18:36:45.000",
            "content": "Sitting"
          },
          {
            "start": "2014-05-05T18:29:40.000",
            "end": "2014-05-05T18:30:07.000",
            "content": "Sitting"
          },
          {
            "start": "2014-05-05T18:28:51.000",
            "end": "2014-05-05T18:29:18.000",
            "content": "Sitting"
          },
          {
            "start": "2014-05-05T18:31:56.000",
            "end": "2014-05-05T18:32:19.000",
            "content": "Sitting"
          },
          {
            "start": "2014-05-05T18:36:47.000",
            "end": "2014-05-05T18:37:16.000",
            "content": "Sitting"
          },
          {
            "start": "2014-05-05T18:34:25.000",
            "end": "2014-05-05T18:34:45.000",
            "content": "Sitting"
          },
          {
            "start": "2014-05-05T18:32:08.000",
            "end": "2014-05-05T18:32:30.000",
            "content": "Sitting"
          },
          {
            "start": "2014-05-05T18:29:36.000",
            "end": "2014-05-05T18:30:00.000",
            "content": "Sitting"
          }
        ]
      },
      {
        "start": "2014-05-05T18:42:34.000",
        "end": "2014-05-05T18:55:40.000",
        "content": "PrepareDrugBox",
        "observations": [
          {
            "start": "2014-05-05T18:55:16.000",
            "end": "2014-05-05T18:55:40.000",
            "content": "Pillbox"
          },
          {
            "start": "2014-05-05T18:43:41.000",
            "end": "2014-05-05T18:44:02.000",
            "content": "Pillbox"
          },
          {
            "start": "2014-05-05T18:46:34.000",
            "end": "2014-05-05T18:46:56.000",
            "content": "Pillbox"
          },
          {
            "start": "2014-05-05T18:52:40.000",
            "end": "2014-05-05T18:53:02.000",
            "content": "Pillbox"
          },
          {
            "start": "2014-05-05T18:49:59.000",
            "end": "2014-05-05T18:50:26.000",
            "content": "Basket"
          },
          {
            "start": "2014-05-05T18:49:41.000",
            "end": "2014-05-05T18:50:06.000",
            "content": "Basket"
          },
          {
            "start": "2014-05-05T18:55:01.000",
            "end": "2014-05-05T18:55:27.000",
            "content": "Basket"
          },
          {
            "start": "2014-05-05T18:46:41.000",
            "end": "2014-05-05T18:47:04.000",
            "content": "Pillbox"
          },
          {
            "start": "2014-05-05T18:42:34.000",
            "end": "2014-05-05T18:43:00.000",
            "content": "Basket"
          },
          {
            "start": "2014-05-05T18:51:55.000",
            "end": "2014-05-05T18:52:20.000",
            "content": "Pillbox"
          },
          {
            "start": "2014-05-05T18:53:59.000",
            "end": "2014-05-05T18:54:27.000",
            "content": "MedicationZone"
          },
          {
            "start": "2014-05-05T18:43:26.000",
            "end": "2014-05-05T18:43:46.000",
            "content": "MedicationZone"
          },
          {
            "start": "2014-05-05T18:47:27.000",
            "end": "2014-05-05T18:47:48.000",
            "content": "MedicationZone"
          },
          {
            "start": "2014-05-05T18:43:42.000",
            "end": "2014-05-05T18:44:10.000",
            "content": "MedicationZone"
          },
          {
            "start": "2014-05-05T18:50:11.000",
            "end": "2014-05-05T18:50:35.000",
            "content": "MedicationZone"
          },
          {
            "start": "2014-05-05T18:45:39.000",
            "end": "2014-05-05T18:46:02.000",
            "content": "MedicationZone"
          },
          {
            "start": "2014-05-05T18:52:54.000",
            "end": "2014-05-05T18:53:16.000",
            "content": "MedicationZone"
          },
          {
            "start": "2014-05-05T18:49:13.000",
            "end": "2014-05-05T18:49:40.000",
            "content": "MedicationZone"
          },
          {
            "start": "2014-05-05T18:54:29.000",
            "end": "2014-05-05T18:54:52.000",
            "content": "MedicationZone"
          },
          {
            "start": "2014-05-05T18:46:07.000",
            "end": "2014-05-05T18:46:32.000",
            "content": "MedicationZone"
          },
          {
            "start": "2014-05-05T18:55:31.000",
            "end": "2014-05-05T18:55:51.000",
            "content": "Plant"
          },
          {
            "start": "2014-05-05T18:55:11.000",
            "end": "2014-05-05T18:55:40.000",
            "content": "PlantZone"
          },
          {
            "start": "2014-05-05T18:55:05.000",
            "end": "2014-05-05T18:55:32.000",
            "content": "Bending"
          }
        ]
      },
      {
        "start": "2014-05-05T18:55:05.000",
        "end": "2014-05-05T19:03:23.000",
        "content": "WaterPlant",
        "observations": [
          {
            "start": "2014-05-05T18:55:16.000",
            "end": "2014-05-05T18:55:40.000",
            "content": "Pillbox"
          },
          {
            "start": "2014-05-05T19:03:03.000",
            "end": "2014-05-05T19:03:23.000",
            "content": "Plant"
          },
          {
            "start": "2014-05-05T18:57:47.000",
            "end": "2014-05-05T18:58:10.000",
            "content": "WateringCan"
          },
          {
            "start": "2014-05-05T19:00:13.000",
            "end": "2014-05-05T19:00:33.000",
            "content": "WateringCan"
          },
          {
            "start": "2014-05-05T18:55:31.000",
            "end": "2014-05-05T18:55:51.000",
            "content": "Plant"
          },
          {
            "start": "2014-05-05T18:58:04.000",
            "end": "2014-05-05T18:58:32.000",
            "content": "Plant"
          },
          {
            "start": "2014-05-05T18:59:49.000",
            "end": "2014-05-05T19:00:15.000",
            "content": "WateringCan"
          },
          {
            "start": "2014-05-05T18:55:11.000",
            "end": "2014-05-05T18:55:40.000",
            "content": "PlantZone"
          },
          {
            "start": "2014-05-05T18:57:02.000",
            "end": "2014-05-05T18:57:27.000",
            "content": "PlantZone"
          },
          {
            "start": "2014-05-05T18:57:25.000",
            "end": "2014-05-05T18:57:52.000",
            "content": "PlantZone"
          },
          {
            "start": "2014-05-05T18:59:37.000",
            "end": "2014-05-05T19:00:05.000",
            "content": "PlantZone"
          },
          {
            "start": "2014-05-05T19:02:30.000",
            "end": "2014-05-05T19:02:57.000",
            "content": "PlantZone"
          },
          {
            "start": "2014-05-05T19:02:47.000",
            "end": "2014-05-05T19:03:07.000",
            "content": "Bending"
          },
          {
            "start": "2014-05-05T19:01:24.000",
            "end": "2014-05-05T19:01:52.000",
            "content": "Bending"
          },
          {
            "start": "2014-05-05T18:55:05.000",
            "end": "2014-05-05T18:55:32.000",
            "content": "Bending"
          },
          {
            "start": "2014-05-05T19:02:36.000",
            "end": "2014-05-05T19:03:05.000",
            "content": "Bending"
          },
          {
            "start": "2014-05-05T19:00:50.000",
            "end": "2014-05-05T19:01:18.000",
            "content": "Bending"
          },
          {
            "start": "2014-05-05T19:03:17.000",
            "end": "2014-05-05T19:03:42.000",
            "content": "Newspaper"
          }
        ]
      },
      {
        "start": "2014-05-05T19:03:17.000",
        "end": "2014-05-05T19:18:09.000",
        "content": "ReadArticle",
        "observations": [
          {
            "start": "2014-05-05T19:15:57.000",
            "end": "2014-05-05T19:16:19.000",
            "content": "Newspaper"
          },
          {
            "start": "2014-05-05T19:03:29.000",
            "end": "2014-05-05T19:03:53.000",
            "content": "Newspaper"
          },
          {
            "start": "2014-05-05T19:10:25.000",
            "end": "2014-05-05T19:10:51.000",
            "content": "Newspaper"
          },
          {
            "start": "2014-05-05T19:15:47.000",
            "end": "2014-05-05T19:16:13.000",
            "content": "Newspaper"
          },
          {
            "start": "2014-05-05T19:08:48.000",
            "end": "2014-05-05T19:09:08.000",
            "content": "Newspaper"
          },
          {
            "start": "2014-05-05T19:17:43.000",
            "end": "2014-05-05T19:18:09.000",
            "content": "Newspaper"
          },
          {
            "start": "2014-05-05T19:03:17.000",
            "end": "2014-05-05T19:03:42.000",
            "content": "Newspaper"
          },
          {
            "start": "2014-05-05T19:09:46.000",
            "end": "2014-05-05T19:10:12.000",
            "content": "Newspaper"
          },
          {
            "start": "2014-05-05T19:10:57.000",
            "end": "2014-05-05T19:11:23.000",
            "content": "Newspaper"
          },
          {
            "start": "2014-05-05T19:12:29.000",
            "end": "2014-05-05T19:12:58.000",
            "content": "Newspaper"
          },
          {
            "start": "2014-05-05T19:05:13.000",
            "end": "2014-05-05T19:05:33.000",
            "content": "Sitting"
          },
          {
            "start": "2014-05-05T19:05:34.000",
            "end": "2014-05-05T19:05:54.000",
            "content": "Sitting"
          },
          {
            "start": "2014-05-05T19:14:18.000",
            "end": "2014-05-05T19:14:42.000",
            "content": "Sitting"
          },
          {
            "start": "2014-05-05T19:17:35.000",
            "end": "2014-05-05T19:17:59.000",
            "content": "Sitting"
          },
          {
            "start": "2014-05-05T19:10:22.000",
            "end": "2014-05-05T19:10:48.000",
            "content": "Sitting"
          },
          {
            "start": "2014-05-05T19:06:33.000",
            "end": "2014-05-05T19:07:01.000",
            "content": "Sitting"
          },
          {
            "start": "2014-05-05T19:14:52.000",
            "end": "2014-05-05T19:15:12.000",
            "content": "Sitting"
          },
          {
            "start": "2014-05-05T19:05:45.000",
            "end": "2014-05-05T19:06:12.000",
            "content": "Sitting"
          },
          {
            "start": "2014-05-05T19:14:52.000",
            "end": "2014-05-05T19:15:19.000",
            "content": "Sitting"
          },
          {
            "start": "2014-05-05T19:05:37.000",
            "end": "2014-05-05T19:06:00.000",
            "content": "Sitting"
          },
          {
            "start": "2014-05-05T19:04:47.000",
            "end": "2014-05-05T19:05:08.000",
            "content": "Sitting"
          }
        ]
      },
      {
        "start": "2014-05-05T19:19:09.000",
        "end": "2014-05-05T19:22:11.000",
        "content": "EstablishAccountBalance",
        "observations": [
          {
            "start": "2014-05-05T19:21:46.000",
            "end": "2014-05-05T19:22:07.000",
            "content": "Pen"
          },
          {
            "start": "2014-05-05T19:20:48.000",
            "end": "2014-05-05T19:21:10.000",
            "content": "Accounts"
          },
          {
            "start": "2014-05-05T19:20:53.000",
            "end": "2014-05-05T19:21:17.000",
            "content": "TableZone"
          },
          {
            "start": "2014-05-05T19:20:09.000",
            "end": "2014-05-05T19:20:32.000",
            "content": "TableZone"
          },
          {
            "start": "2014-05-05T19:19:09.000",
            "end": "2014-05-05T19:19:36.000",
            "content": "Sitting"
          },
          {
            "start": "2014-05-05T19:21:48.000",
            "end": "2014-05-05T19:22:11.000",
            "content": "Sitting"
          }
        ]
      },
      {
        "start": "2014-05-05T19:22:13.000",
        "end": "2014-05-05T19:29:51.000",
        "content": "WriteCheck",
        "observations": [
          {
            "start": "2014-05-05T19:27:20.000",
            "end": "2014-05-05T19:27:44.000",
            "content": "Pen"
          },
          {
            "start": "2014-05-05T19:29:22.000",
            "end": "2014-05-05T19:29:51.000",
            "content": "Table"
          },
          {
            "start": "2014-05-05T19:22:27.000",
            "end": "2014-05-05T19:22:51.000",
            "content": "Table"
          },
          {
            "start": "2014-05-05T19:26:33.000",
            "end": "2014-05-05T19:27:01.000",
            "content": "Pen"
          },
          {
            "start": "2014-05-05T19:22:13.000",
            "end": "2014-05-05T19:22:34.000",
            "content": "Table"
          },
          {
            "start": "2014-05-05T19:26:24.000",
            "end": "2014-05-05T19:26:46.000",
            "content": "TableZone"
          },
          {
            "start": "2014-05-05T19:24:38.000",
            "end": "2014-05-05T19:24:59.000",
            "content": "TableZone"
          },
          {
            "start": "2014-05-05T19:23:39.000",
            "end": "2014-05-05T19:24:07.000",
            "content": "TableZone"
          },
          {
            "start": "2014-05-05T19:25:21.000",
            "end": "2014-05-05T19:25:43.000",
            "content": "TableZone"
          },
          {
            "start": "2014-05-05T19:25:48.000",
            "end": "2014-05-05T19:26:11.000",
            "content": "TableZone"
          },
          {
            "start": "2014-05-05T19:26:54.000",
            "end": "2014-05-05T19:27:15.000",
            "content": "TableZone"
          },
          {
            "start": "2014-05-05T19:23:48.000",
            "end": "2014-05-05T19:24:13.000",
            "content": "Sitting"
          },
          {
            "start": "2014-05-05T19:28:56.000",
            "end": "2014-05-05T19:29:23.000",
            "content": "Sitting"
          },
          {
            "start": "2014-05-05T19:27:26.000",
            "end": "2014-05-05T19:27:53.000",
            "content": "Sitting"
          },
          {
            "start": "2014-05-05T19:23:31.000",
            "end": "2014-05-05T19:24:00.000",
            "content": "Sitting"
          },
          {
            "start": "2014-05-05T19:23:43.000",
            "end": "2014-05-05T19:24:09.000",
            "content": "Sitting"
          },
          {
            "start": "2014-05-05T19:29:10.000",
            "end": "2014-05-05T19:29:33.000",
            "content": "MapZone"
          }
        ]
      },
      {
        "start": "2014-05-05T19:29:10.000",
        "end": "2014-05-05T19:42:57.000",
        "content": "SearchForBusLine",
        "observations": [
          {
            "start": "2014-05-05T19:29:22.000",
            "end": "2014-05-05T19:29:51.000",
            "content": "Table"
          },
          {
            "start": "2014-05-05T19:42:05.000",
            "end": "2014-05-05T19:42:28.000",
            "content": "RouteInstructions"
          },
          {
            "start": "2014-05-05T19:37:56.000",
            "end": "2014-05-05T19:38:21.000",
            "content": "RouteInstructions"
          },
          {
            "start": "2014-05-05T19:30:13.000",
            "end": "2014-05-05T19:30:37.000",
            "content": "Map"
          },
          {
            "start": "2014-05-05T19:40:15.000",
            "end": "2014-05-05T19:40:42.000",
            "content": "RouteInstructions"
          },
          {
            "start": "2014-05-05T19:37:54.000",
            "end": "2014-05-05T19:38:19.000",
            "content": "Map"
          },
          {
            "start": "2014-05-05T19:35:47.000",
            "end": "2014-05-05T19:36:08.000",
            "content": "RouteInstructions"
          },
          {
            "start": "2014-05-05T19:37:48.000",
            "end": "2014-05-05T19:38:14.000",
            "content": "Map"
          },
          {
            "start": "2014-05-05T19:37:44.000",
            "end": "2014-05-05T19:38:05.000",
            "content": "RouteInstructions"
          },
          {
            "start": "2014-05-05T19:39:12.000",
            "end": "2014-05-05T19:39:37.000",
            "content": "Map"
          },
          {
            "start": "2014-05-05T19:34:41.000",
            "end": "2014-05-05T19:35:08.000",
            "content": "RouteInstructions"
          },
          {
            "start": "2014-05-05T19:39:49.000",
            "end": "2014-05-05T19:40:11.000",
            "content": "MapZone"
          },
          {
            "start": "2014-05-05T19:29:10.000",
            "end": "2014-05-05T19:29:33.000",
            "content": "MapZone"
          },
          {
            "start": "2014-05-05T19:31:41.000",
            "end": "2014-05-05T19:32:03.000",
            "content": "MapZone"
          },
          {
            "start": "2014-05-05T19:40:45.000",
            "end": "2014-05-05T19:41:11.000",
            "content": "MapZone"
          },
          {
            "start": "2014-05-05T19:35:39.000",
            "end": "2014-05-05T19:36:04.000",
            "content": "MapZone"
          },
          {
            "start": "2014-05-05T19:37:27.000",
            "end": "2014-05-05T19:37:55.000",
            "content": "MapZone"
          },
          {
            "start": "2014-05-05T19:42:10.000",
            "end": "2014-05-05T19:42:33.000",
            "content": "MapZone"
          },
          {
            "start": "2014-05-05T19:39:49.000",
            "end": "2014-05-05T19:40:11.000",
            "content": "MapZone"
          },
          {
            "start": "2014-05-05T19:42:33.000",
            "end": "2014-05-05T19:42:57.000",
            "content": "MapZone"
          },
          {
            "start": "2014-05-05T19:35:08.000",
            "end": "2014-05-05T19:35:29.000",
            "content": "MapZone"
          }
        ]
      }
    ]
  }
}